Total Trades,Net PnL (₹),Win Rate (%),Average Trade PnL (₹),Max Win (₹),Max Loss (₹)
1844,3843811.2986088414,40.62,2084.4963658399356,297257.40174565656,-212343.43667806548
